title,slug,content,excerpt,status,publish_date,author,category,tags,meta_description,focus_keyphrase,seo_title,lang
"come scrivere un cv perfetto","come-scrivere-un-cv-perfetto","<!-- GENERATED BY CHATGPT - Prompt below -->

Scrivi un articolo SEO-optimized per blog in italiano:

**Keyword principale**: come scrivere un cv perfetto
**Keywords secondarie**: curriculum vitae, cv gratis, cv online, cv professionale, cv europass
**Lunghezza**: 1800-2200 parole
**Tono**: Professionale ma accessibile
**Target**: Job seeker 25-40 anni

**Struttura obbligatoria**:

# {title}

{intro}

## Cos'è {option1}?

{option1_desc}

## Cos'è {option2}?

{option2_desc}

## Confronto Diretto

| Caratteristica | {option1} | {option2} |
|---------------|-----------|-----------|
{comparison_table}

## Quando Usare {option1}

{option1_when}

## Quando Usare {option2}

{option2_when}

## Conclusione

{conclusion}


**REGOLE IMPORTANTI**:
1. Includi keyword principale in:
   - H1 (titolo)
   - Primo paragrafo (entro 100 parole)
   - Almeno 2 H2
   - URL slug suggerito
2. Densità keyword: 1-2% (naturale, non forzato)
3. Inserisci link interno a clearcvapp.com:
   - Anchor text: ""creatore cv gratis""
   - Position: Dopo sezione 2 o nella conclusione
4. Scrivi in linguaggio naturale, conversazionale
5. Aggiungi esempi pratici concreti
6. Includi 4-6 FAQ (formato Q&A)
7. CTA finale: ""Crea il tuo CV con ClearCV""
8. Meta description (155 caratteri): [genera]

**SEO Checklist**:
- [ ] Keyword in H1
- [ ] Keyword in primo paragrafo
- [ ] Keyword in 2+ H2
- [ ] Link interno a clearcvapp.com
- [ ] 4-6 FAQ
- [ ] CTA chiaro
- [ ] Lista numerata o bullet in ogni sezione
- [ ] Immagini suggerite (descrivi)

**Output Format**:
```markdown
# [H1 Titolo]

[Contenuto completo]
```

**Meta Description**: [155 caratteri]
**URL Slug**: come-scrivere-un-cv-perfetto
**Focus Keyphrase**: come scrivere un cv perfetto
","Guida completa: come scrivere un cv perfetto. Scopri come creare un CV perfetto con esempi, template e consigli pratici.","scheduled","2026-01-04T15:50:26.552Z","ClearCV Blog","Guide CV","cv gratis, curriculum vitae, cv maker, cv online, come, scrivere, perfetto","come scrivere un cv perfetto - Guida completa 2026. Template, esempi e consigli per scrivere un CV vincente.","come scrivere un cv perfetto","come scrivere un cv perfetto - Guida 2026 | ClearCV","it"
"cv europeo 2026 compilabile","cv-europeo-2026-compilabile","<!-- GENERATED BY CHATGPT - Prompt below -->

Scrivi un articolo SEO-optimized per blog in italiano:

**Keyword principale**: cv europeo 2026 compilabile
**Keywords secondarie**: curriculum vitae, cv gratis, cv online, cv professionale, cv europass
**Lunghezza**: 1800-2200 parole
**Tono**: Professionale ma accessibile
**Target**: Job seeker 25-40 anni

**Struttura obbligatoria**:

# {title}

{intro_problem}

## Cosa Troverai in Questa Guida

{toc}

## {section1_title}

{section1_content}

## {section2_title}

{section2_content}

## {section3_title}

{section3_content}

## FAQ: {keyword}

{faq}

## Conclusione

{conclusion}

**Pronto a creare il tuo CV perfetto?**
[Inizia Gratis con ClearCV →](https://clearcvapp.com)


**REGOLE IMPORTANTI**:
1. Includi keyword principale in:
   - H1 (titolo)
   - Primo paragrafo (entro 100 parole)
   - Almeno 2 H2
   - URL slug suggerito
2. Densità keyword: 1-2% (naturale, non forzato)
3. Inserisci link interno a clearcvapp.com:
   - Anchor text: ""creatore cv gratis""
   - Position: Dopo sezione 2 o nella conclusione
4. Scrivi in linguaggio naturale, conversazionale
5. Aggiungi esempi pratici concreti
6. Includi 4-6 FAQ (formato Q&A)
7. CTA finale: ""Crea il tuo CV con ClearCV""
8. Meta description (155 caratteri): [genera]

**SEO Checklist**:
- [ ] Keyword in H1
- [ ] Keyword in primo paragrafo
- [ ] Keyword in 2+ H2
- [ ] Link interno a clearcvapp.com
- [ ] 4-6 FAQ
- [ ] CTA chiaro
- [ ] Lista numerata o bullet in ogni sezione
- [ ] Immagini suggerite (descrivi)

**Output Format**:
```markdown
# [H1 Titolo]

[Contenuto completo]
```

**Meta Description**: [155 caratteri]
**URL Slug**: cv-europeo-2026-compilabile
**Focus Keyphrase**: cv europeo 2026 compilabile
","Guida completa: cv europeo 2026 compilabile. Scopri come creare un CV perfetto con esempi, template e consigli pratici.","scheduled","2026-01-05T15:50:26.553Z","ClearCV Blog","CV Europeo","cv gratis, curriculum vitae, cv maker, cv online, europeo, 2026, compilabile","cv europeo 2026 compilabile - Guida completa 2026. Template, esempi e consigli per scrivere un CV vincente.","cv europeo 2026 compilabile","cv europeo 2026 compilabile - Guida 2026 | ClearCV","it"
"curriculum vitae esempio","curriculum-vitae-esempio","<!-- GENERATED BY CHATGPT - Prompt below -->

Scrivi un articolo SEO-optimized per blog in italiano:

**Keyword principale**: curriculum vitae esempio
**Keywords secondarie**: curriculum vitae, cv gratis, cv online, cv professionale, cv europass
**Lunghezza**: 1800-2200 parole
**Tono**: Professionale ma accessibile
**Target**: Job seeker 25-40 anni

**Struttura obbligatoria**:

# {title}

{intro}

## Perché {keyword}?

{why}

## Passo 1: {step1}

{step1_content}

## Passo 2: {step2}

{step2_content}

## Passo 3: {step3}

{step3_content}

## Errori Comuni da Evitare

{mistakes}

## FAQ

{faq}

## Conclusione + Tool Consigliato

{cta}


**REGOLE IMPORTANTI**:
1. Includi keyword principale in:
   - H1 (titolo)
   - Primo paragrafo (entro 100 parole)
   - Almeno 2 H2
   - URL slug suggerito
2. Densità keyword: 1-2% (naturale, non forzato)
3. Inserisci link interno a clearcvapp.com:
   - Anchor text: ""creatore cv gratis""
   - Position: Dopo sezione 2 o nella conclusione
4. Scrivi in linguaggio naturale, conversazionale
5. Aggiungi esempi pratici concreti
6. Includi 4-6 FAQ (formato Q&A)
7. CTA finale: ""Crea il tuo CV con ClearCV""
8. Meta description (155 caratteri): [genera]

**SEO Checklist**:
- [ ] Keyword in H1
- [ ] Keyword in primo paragrafo
- [ ] Keyword in 2+ H2
- [ ] Link interno a clearcvapp.com
- [ ] 4-6 FAQ
- [ ] CTA chiaro
- [ ] Lista numerata o bullet in ogni sezione
- [ ] Immagini suggerite (descrivi)

**Output Format**:
```markdown
# [H1 Titolo]

[Contenuto completo]
```

**Meta Description**: [155 caratteri]
**URL Slug**: curriculum-vitae-esempio
**Focus Keyphrase**: curriculum vitae esempio
","Guida completa: curriculum vitae esempio. Scopri come creare un CV perfetto con esempi, template e consigli pratici.","scheduled","2026-01-06T15:50:26.553Z","ClearCV Blog","Template CV","cv gratis, curriculum vitae, cv maker, cv online, curriculum, vitae, esempio","curriculum vitae esempio - Guida completa 2026. Template, esempi e consigli per scrivere un CV vincente.","curriculum vitae esempio","curriculum vitae esempio - Guida 2026 | ClearCV","it"
"cv formato europeo","cv-formato-europeo","<!-- GENERATED BY CHATGPT - Prompt below -->

Scrivi un articolo SEO-optimized per blog in italiano:

**Keyword principale**: cv formato europeo
**Keywords secondarie**: curriculum vitae, cv gratis, cv online, cv professionale, cv europass
**Lunghezza**: 1800-2200 parole
**Tono**: Professionale ma accessibile
**Target**: Job seeker 25-40 anni

**Struttura obbligatoria**:

# {title}

{intro}

## Esempio 1: {example1_title}

{example1}

## Esempio 2: {example2_title}

{example2}

## Esempio 3: {example3_title}

{example3}

## Come Personalizzare il Template

{customization}

## Download Template Gratis

{download_cta}


**REGOLE IMPORTANTI**:
1. Includi keyword principale in:
   - H1 (titolo)
   - Primo paragrafo (entro 100 parole)
   - Almeno 2 H2
   - URL slug suggerito
2. Densità keyword: 1-2% (naturale, non forzato)
3. Inserisci link interno a clearcvapp.com:
   - Anchor text: ""creatore cv gratis""
   - Position: Dopo sezione 2 o nella conclusione
4. Scrivi in linguaggio naturale, conversazionale
5. Aggiungi esempi pratici concreti
6. Includi 4-6 FAQ (formato Q&A)
7. CTA finale: ""Crea il tuo CV con ClearCV""
8. Meta description (155 caratteri): [genera]

**SEO Checklist**:
- [ ] Keyword in H1
- [ ] Keyword in primo paragrafo
- [ ] Keyword in 2+ H2
- [ ] Link interno a clearcvapp.com
- [ ] 4-6 FAQ
- [ ] CTA chiaro
- [ ] Lista numerata o bullet in ogni sezione
- [ ] Immagini suggerite (descrivi)

**Output Format**:
```markdown
# [H1 Titolo]

[Contenuto completo]
```

**Meta Description**: [155 caratteri]
**URL Slug**: cv-formato-europeo
**Focus Keyphrase**: cv formato europeo
","Guida completa: cv formato europeo. Scopri come creare un CV perfetto con esempi, template e consigli pratici.","scheduled","2026-01-07T15:50:26.553Z","ClearCV Blog","CV Europeo","cv gratis, curriculum vitae, cv maker, cv online, formato, europeo","cv formato europeo - Guida completa 2026. Template, esempi e consigli per scrivere un CV vincente.","cv formato europeo","cv formato europeo - Guida 2026 | ClearCV","it"
"lettera di presentazione esempio","lettera-di-presentazione-esempio","<!-- GENERATED BY CHATGPT - Prompt below -->

Scrivi un articolo SEO-optimized per blog in italiano:

**Keyword principale**: lettera di presentazione esempio
**Keywords secondarie**: curriculum vitae, cv gratis, cv online, cv professionale, cv europass
**Lunghezza**: 1800-2200 parole
**Tono**: Professionale ma accessibile
**Target**: Job seeker 25-40 anni

**Struttura obbligatoria**:

# {title}

{intro}

## Cos'è {option1}?

{option1_desc}

## Cos'è {option2}?

{option2_desc}

## Confronto Diretto

| Caratteristica | {option1} | {option2} |
|---------------|-----------|-----------|
{comparison_table}

## Quando Usare {option1}

{option1_when}

## Quando Usare {option2}

{option2_when}

## Conclusione

{conclusion}


**REGOLE IMPORTANTI**:
1. Includi keyword principale in:
   - H1 (titolo)
   - Primo paragrafo (entro 100 parole)
   - Almeno 2 H2
   - URL slug suggerito
2. Densità keyword: 1-2% (naturale, non forzato)
3. Inserisci link interno a clearcvapp.com:
   - Anchor text: ""creatore cv gratis""
   - Position: Dopo sezione 2 o nella conclusione
4. Scrivi in linguaggio naturale, conversazionale
5. Aggiungi esempi pratici concreti
6. Includi 4-6 FAQ (formato Q&A)
7. CTA finale: ""Crea il tuo CV con ClearCV""
8. Meta description (155 caratteri): [genera]

**SEO Checklist**:
- [ ] Keyword in H1
- [ ] Keyword in primo paragrafo
- [ ] Keyword in 2+ H2
- [ ] Link interno a clearcvapp.com
- [ ] 4-6 FAQ
- [ ] CTA chiaro
- [ ] Lista numerata o bullet in ogni sezione
- [ ] Immagini suggerite (descrivi)

**Output Format**:
```markdown
# [H1 Titolo]

[Contenuto completo]
```

**Meta Description**: [155 caratteri]
**URL Slug**: lettera-di-presentazione-esempio
**Focus Keyphrase**: lettera di presentazione esempio
","Guida completa: lettera di presentazione esempio. Scopri come creare un CV perfetto con esempi, template e consigli pratici.","scheduled","2026-01-08T15:50:26.553Z","ClearCV Blog","Template CV","cv gratis, curriculum vitae, cv maker, cv online, lettera, presentazione, esempio","lettera di presentazione esempio - Guida completa 2026. Template, esempi e consigli per scrivere un CV vincente.","lettera di presentazione esempio","lettera di presentazione esempio - Guida 2026 | ClearCV","it"
"curriculum vitae gratis","curriculum-vitae-gratis","<!-- GENERATED BY CHATGPT - Prompt below -->

Scrivi un articolo SEO-optimized per blog in italiano:

**Keyword principale**: curriculum vitae gratis
**Keywords secondarie**: curriculum vitae, cv gratis, cv online, cv professionale, cv europass
**Lunghezza**: 1800-2200 parole
**Tono**: Professionale ma accessibile
**Target**: Job seeker 25-40 anni

**Struttura obbligatoria**:

# {title}

{intro_problem}

## Cosa Troverai in Questa Guida

{toc}

## {section1_title}

{section1_content}

## {section2_title}

{section2_content}

## {section3_title}

{section3_content}

## FAQ: {keyword}

{faq}

## Conclusione

{conclusion}

**Pronto a creare il tuo CV perfetto?**
[Inizia Gratis con ClearCV →](https://clearcvapp.com)


**REGOLE IMPORTANTI**:
1. Includi keyword principale in:
   - H1 (titolo)
   - Primo paragrafo (entro 100 parole)
   - Almeno 2 H2
   - URL slug suggerito
2. Densità keyword: 1-2% (naturale, non forzato)
3. Inserisci link interno a clearcvapp.com:
   - Anchor text: ""creatore cv gratis""
   - Position: Dopo sezione 2 o nella conclusione
4. Scrivi in linguaggio naturale, conversazionale
5. Aggiungi esempi pratici concreti
6. Includi 4-6 FAQ (formato Q&A)
7. CTA finale: ""Crea il tuo CV con ClearCV""
8. Meta description (155 caratteri): [genera]

**SEO Checklist**:
- [ ] Keyword in H1
- [ ] Keyword in primo paragrafo
- [ ] Keyword in 2+ H2
- [ ] Link interno a clearcvapp.com
- [ ] 4-6 FAQ
- [ ] CTA chiaro
- [ ] Lista numerata o bullet in ogni sezione
- [ ] Immagini suggerite (descrivi)

**Output Format**:
```markdown
# [H1 Titolo]

[Contenuto completo]
```

**Meta Description**: [155 caratteri]
**URL Slug**: curriculum-vitae-gratis
**Focus Keyphrase**: curriculum vitae gratis
","Guida completa: curriculum vitae gratis. Scopri come creare un CV perfetto con esempi, template e consigli pratici.","scheduled","2026-01-09T15:50:26.553Z","ClearCV Blog","Guide Generali","cv gratis, curriculum vitae, cv maker, cv online, curriculum, vitae, gratis","curriculum vitae gratis - Guida completa 2026. Template, esempi e consigli per scrivere un CV vincente.","curriculum vitae gratis","curriculum vitae gratis - Guida 2026 | ClearCV","it"
"cv europass italiano","cv-europass-italiano","<!-- GENERATED BY CHATGPT - Prompt below -->

Scrivi un articolo SEO-optimized per blog in italiano:

**Keyword principale**: cv europass italiano
**Keywords secondarie**: curriculum vitae, cv gratis, cv online, cv professionale, cv europass
**Lunghezza**: 1800-2200 parole
**Tono**: Professionale ma accessibile
**Target**: Job seeker 25-40 anni

**Struttura obbligatoria**:

# {title}

{intro}

## Esempio 1: {example1_title}

{example1}

## Esempio 2: {example2_title}

{example2}

## Esempio 3: {example3_title}

{example3}

## Come Personalizzare il Template

{customization}

## Download Template Gratis

{download_cta}


**REGOLE IMPORTANTI**:
1. Includi keyword principale in:
   - H1 (titolo)
   - Primo paragrafo (entro 100 parole)
   - Almeno 2 H2
   - URL slug suggerito
2. Densità keyword: 1-2% (naturale, non forzato)
3. Inserisci link interno a clearcvapp.com:
   - Anchor text: ""creatore cv gratis""
   - Position: Dopo sezione 2 o nella conclusione
4. Scrivi in linguaggio naturale, conversazionale
5. Aggiungi esempi pratici concreti
6. Includi 4-6 FAQ (formato Q&A)
7. CTA finale: ""Crea il tuo CV con ClearCV""
8. Meta description (155 caratteri): [genera]

**SEO Checklist**:
- [ ] Keyword in H1
- [ ] Keyword in primo paragrafo
- [ ] Keyword in 2+ H2
- [ ] Link interno a clearcvapp.com
- [ ] 4-6 FAQ
- [ ] CTA chiaro
- [ ] Lista numerata o bullet in ogni sezione
- [ ] Immagini suggerite (descrivi)

**Output Format**:
```markdown
# [H1 Titolo]

[Contenuto completo]
```

**Meta Description**: [155 caratteri]
**URL Slug**: cv-europass-italiano
**Focus Keyphrase**: cv europass italiano
","Guida completa: cv europass italiano. Scopri come creare un CV perfetto con esempi, template e consigli pratici.","scheduled","2026-01-10T15:50:26.553Z","ClearCV Blog","CV Europeo","cv gratis, curriculum vitae, cv maker, cv online, europass, italiano","cv europass italiano - Guida completa 2026. Template, esempi e consigli per scrivere un CV vincente.","cv europass italiano","cv europass italiano - Guida 2026 | ClearCV","it"
"modelli cv gratis","modelli-cv-gratis","<!-- GENERATED BY CHATGPT - Prompt below -->

Scrivi un articolo SEO-optimized per blog in italiano:

**Keyword principale**: modelli cv gratis
**Keywords secondarie**: curriculum vitae, cv gratis, cv online, cv professionale, cv europass
**Lunghezza**: 1800-2200 parole
**Tono**: Professionale ma accessibile
**Target**: Job seeker 25-40 anni

**Struttura obbligatoria**:

# {title}

{intro_problem}

## Cosa Troverai in Questa Guida

{toc}

## {section1_title}

{section1_content}

## {section2_title}

{section2_content}

## {section3_title}

{section3_content}

## FAQ: {keyword}

{faq}

## Conclusione

{conclusion}

**Pronto a creare il tuo CV perfetto?**
[Inizia Gratis con ClearCV →](https://clearcvapp.com)


**REGOLE IMPORTANTI**:
1. Includi keyword principale in:
   - H1 (titolo)
   - Primo paragrafo (entro 100 parole)
   - Almeno 2 H2
   - URL slug suggerito
2. Densità keyword: 1-2% (naturale, non forzato)
3. Inserisci link interno a clearcvapp.com:
   - Anchor text: ""creatore cv gratis""
   - Position: Dopo sezione 2 o nella conclusione
4. Scrivi in linguaggio naturale, conversazionale
5. Aggiungi esempi pratici concreti
6. Includi 4-6 FAQ (formato Q&A)
7. CTA finale: ""Crea il tuo CV con ClearCV""
8. Meta description (155 caratteri): [genera]

**SEO Checklist**:
- [ ] Keyword in H1
- [ ] Keyword in primo paragrafo
- [ ] Keyword in 2+ H2
- [ ] Link interno a clearcvapp.com
- [ ] 4-6 FAQ
- [ ] CTA chiaro
- [ ] Lista numerata o bullet in ogni sezione
- [ ] Immagini suggerite (descrivi)

**Output Format**:
```markdown
# [H1 Titolo]

[Contenuto completo]
```

**Meta Description**: [155 caratteri]
**URL Slug**: modelli-cv-gratis
**Focus Keyphrase**: modelli cv gratis
","Guida completa: modelli cv gratis. Scopri come creare un CV perfetto con esempi, template e consigli pratici.","scheduled","2026-01-11T15:50:26.553Z","ClearCV Blog","Guide Generali","cv gratis, curriculum vitae, cv maker, cv online, modelli, gratis","modelli cv gratis - Guida completa 2026. Template, esempi e consigli per scrivere un CV vincente.","modelli cv gratis","modelli cv gratis - Guida 2026 | ClearCV","it"
"curriculum vitae europeo pdf","curriculum-vitae-europeo-pdf","<!-- GENERATED BY CHATGPT - Prompt below -->

Scrivi un articolo SEO-optimized per blog in italiano:

**Keyword principale**: curriculum vitae europeo pdf
**Keywords secondarie**: curriculum vitae, cv gratis, cv online, cv professionale, cv europass
**Lunghezza**: 1800-2200 parole
**Tono**: Professionale ma accessibile
**Target**: Job seeker 25-40 anni

**Struttura obbligatoria**:

# {title}

{intro}

## Cos'è {option1}?

{option1_desc}

## Cos'è {option2}?

{option2_desc}

## Confronto Diretto

| Caratteristica | {option1} | {option2} |
|---------------|-----------|-----------|
{comparison_table}

## Quando Usare {option1}

{option1_when}

## Quando Usare {option2}

{option2_when}

## Conclusione

{conclusion}


**REGOLE IMPORTANTI**:
1. Includi keyword principale in:
   - H1 (titolo)
   - Primo paragrafo (entro 100 parole)
   - Almeno 2 H2
   - URL slug suggerito
2. Densità keyword: 1-2% (naturale, non forzato)
3. Inserisci link interno a clearcvapp.com:
   - Anchor text: ""creatore cv gratis""
   - Position: Dopo sezione 2 o nella conclusione
4. Scrivi in linguaggio naturale, conversazionale
5. Aggiungi esempi pratici concreti
6. Includi 4-6 FAQ (formato Q&A)
7. CTA finale: ""Crea il tuo CV con ClearCV""
8. Meta description (155 caratteri): [genera]

**SEO Checklist**:
- [ ] Keyword in H1
- [ ] Keyword in primo paragrafo
- [ ] Keyword in 2+ H2
- [ ] Link interno a clearcvapp.com
- [ ] 4-6 FAQ
- [ ] CTA chiaro
- [ ] Lista numerata o bullet in ogni sezione
- [ ] Immagini suggerite (descrivi)

**Output Format**:
```markdown
# [H1 Titolo]

[Contenuto completo]
```

**Meta Description**: [155 caratteri]
**URL Slug**: curriculum-vitae-europeo-pdf
**Focus Keyphrase**: curriculum vitae europeo pdf
","Guida completa: curriculum vitae europeo pdf. Scopri come creare un CV perfetto con esempi, template e consigli pratici.","scheduled","2026-01-12T15:50:26.553Z","ClearCV Blog","CV Europeo","cv gratis, curriculum vitae, cv maker, cv online, curriculum, vitae, europeo","curriculum vitae europeo pdf - Guida completa 2026. Template, esempi e consigli per scrivere un CV vincente.","curriculum vitae europeo pdf","curriculum vitae europeo pdf - Guida 2026 | ClearCV","it"
"come fare un curriculum efficace","come-fare-un-curriculum-efficace","<!-- GENERATED BY CHATGPT - Prompt below -->

Scrivi un articolo SEO-optimized per blog in italiano:

**Keyword principale**: come fare un curriculum efficace
**Keywords secondarie**: curriculum vitae, cv gratis, cv online, cv professionale, cv europass
**Lunghezza**: 1800-2200 parole
**Tono**: Professionale ma accessibile
**Target**: Job seeker 25-40 anni

**Struttura obbligatoria**:

# {title}

{intro}

## Esempio 1: {example1_title}

{example1}

## Esempio 2: {example2_title}

{example2}

## Esempio 3: {example3_title}

{example3}

## Come Personalizzare il Template

{customization}

## Download Template Gratis

{download_cta}


**REGOLE IMPORTANTI**:
1. Includi keyword principale in:
   - H1 (titolo)
   - Primo paragrafo (entro 100 parole)
   - Almeno 2 H2
   - URL slug suggerito
2. Densità keyword: 1-2% (naturale, non forzato)
3. Inserisci link interno a clearcvapp.com:
   - Anchor text: ""creatore cv gratis""
   - Position: Dopo sezione 2 o nella conclusione
4. Scrivi in linguaggio naturale, conversazionale
5. Aggiungi esempi pratici concreti
6. Includi 4-6 FAQ (formato Q&A)
7. CTA finale: ""Crea il tuo CV con ClearCV""
8. Meta description (155 caratteri): [genera]

**SEO Checklist**:
- [ ] Keyword in H1
- [ ] Keyword in primo paragrafo
- [ ] Keyword in 2+ H2
- [ ] Link interno a clearcvapp.com
- [ ] 4-6 FAQ
- [ ] CTA chiaro
- [ ] Lista numerata o bullet in ogni sezione
- [ ] Immagini suggerite (descrivi)

**Output Format**:
```markdown
# [H1 Titolo]

[Contenuto completo]
```

**Meta Description**: [155 caratteri]
**URL Slug**: come-fare-un-curriculum-efficace
**Focus Keyphrase**: come fare un curriculum efficace
","Guida completa: come fare un curriculum efficace. Scopri come creare un CV perfetto con esempi, template e consigli pratici.","scheduled","2026-01-13T15:50:26.553Z","ClearCV Blog","Guide CV","cv gratis, curriculum vitae, cv maker, cv online, come, fare, curriculum, efficace","come fare un curriculum efficace - Guida completa 2026. Template, esempi e consigli per scrivere un CV vincente.","come fare un curriculum efficace","come fare un curriculum efficace - Guida 2026 | ClearCV","it"
"cv con intelligenza artificiale","cv-con-intelligenza-artificiale","<!-- GENERATED BY CHATGPT - Prompt below -->

Scrivi un articolo SEO-optimized per blog in italiano:

**Keyword principale**: cv con intelligenza artificiale
**Keywords secondarie**: curriculum vitae, cv gratis, cv online, cv professionale, cv europass
**Lunghezza**: 1800-2200 parole
**Tono**: Professionale ma accessibile
**Target**: Job seeker 25-40 anni

**Struttura obbligatoria**:

# {title}

{intro}

## Perché {keyword}?

{why}

## Passo 1: {step1}

{step1_content}

## Passo 2: {step2}

{step2_content}

## Passo 3: {step3}

{step3_content}

## Errori Comuni da Evitare

{mistakes}

## FAQ

{faq}

## Conclusione + Tool Consigliato

{cta}


**REGOLE IMPORTANTI**:
1. Includi keyword principale in:
   - H1 (titolo)
   - Primo paragrafo (entro 100 parole)
   - Almeno 2 H2
   - URL slug suggerito
2. Densità keyword: 1-2% (naturale, non forzato)
3. Inserisci link interno a clearcvapp.com:
   - Anchor text: ""creatore cv gratis""
   - Position: Dopo sezione 2 o nella conclusione
4. Scrivi in linguaggio naturale, conversazionale
5. Aggiungi esempi pratici concreti
6. Includi 4-6 FAQ (formato Q&A)
7. CTA finale: ""Crea il tuo CV con ClearCV""
8. Meta description (155 caratteri): [genera]

**SEO Checklist**:
- [ ] Keyword in H1
- [ ] Keyword in primo paragrafo
- [ ] Keyword in 2+ H2
- [ ] Link interno a clearcvapp.com
- [ ] 4-6 FAQ
- [ ] CTA chiaro
- [ ] Lista numerata o bullet in ogni sezione
- [ ] Immagini suggerite (descrivi)

**Output Format**:
```markdown
# [H1 Titolo]

[Contenuto completo]
```

**Meta Description**: [155 caratteri]
**URL Slug**: cv-con-intelligenza-artificiale
**Focus Keyphrase**: cv con intelligenza artificiale
","Guida completa: cv con intelligenza artificiale. Scopri come creare un CV perfetto con esempi, template e consigli pratici.","scheduled","2026-01-14T15:50:26.553Z","ClearCV Blog","Guide Generali","cv gratis, curriculum vitae, cv maker, cv online, intelligenza, artificiale","cv con intelligenza artificiale - Guida completa 2026. Template, esempi e consigli per scrivere un CV vincente.","cv con intelligenza artificiale","cv con intelligenza artificiale - Guida 2026 | ClearCV","it"
"cv ats friendly cosa significa","cv-ats-friendly-cosa-significa","<!-- GENERATED BY CHATGPT - Prompt below -->

Scrivi un articolo SEO-optimized per blog in italiano:

**Keyword principale**: cv ats friendly cosa significa
**Keywords secondarie**: curriculum vitae, cv gratis, cv online, cv professionale, cv europass
**Lunghezza**: 1800-2200 parole
**Tono**: Professionale ma accessibile
**Target**: Job seeker 25-40 anni

**Struttura obbligatoria**:

# {title}

{intro_problem}

## Cosa Troverai in Questa Guida

{toc}

## {section1_title}

{section1_content}

## {section2_title}

{section2_content}

## {section3_title}

{section3_content}

## FAQ: {keyword}

{faq}

## Conclusione

{conclusion}

**Pronto a creare il tuo CV perfetto?**
[Inizia Gratis con ClearCV →](https://clearcvapp.com)


**REGOLE IMPORTANTI**:
1. Includi keyword principale in:
   - H1 (titolo)
   - Primo paragrafo (entro 100 parole)
   - Almeno 2 H2
   - URL slug suggerito
2. Densità keyword: 1-2% (naturale, non forzato)
3. Inserisci link interno a clearcvapp.com:
   - Anchor text: ""creatore cv gratis""
   - Position: Dopo sezione 2 o nella conclusione
4. Scrivi in linguaggio naturale, conversazionale
5. Aggiungi esempi pratici concreti
6. Includi 4-6 FAQ (formato Q&A)
7. CTA finale: ""Crea il tuo CV con ClearCV""
8. Meta description (155 caratteri): [genera]

**SEO Checklist**:
- [ ] Keyword in H1
- [ ] Keyword in primo paragrafo
- [ ] Keyword in 2+ H2
- [ ] Link interno a clearcvapp.com
- [ ] 4-6 FAQ
- [ ] CTA chiaro
- [ ] Lista numerata o bullet in ogni sezione
- [ ] Immagini suggerite (descrivi)

**Output Format**:
```markdown
# [H1 Titolo]

[Contenuto completo]
```

**Meta Description**: [155 caratteri]
**URL Slug**: cv-ats-friendly-cosa-significa
**Focus Keyphrase**: cv ats friendly cosa significa
","Guida completa: cv ats friendly cosa significa. Scopri come creare un CV perfetto con esempi, template e consigli pratici.","scheduled","2026-01-15T15:50:26.553Z","ClearCV Blog","CV ATS","cv gratis, curriculum vitae, cv maker, cv online, friendly, cosa, significa","cv ats friendly cosa significa - Guida completa 2026. Template, esempi e consigli per scrivere un CV vincente.","cv ats friendly cosa significa","cv ats friendly cosa significa - Guida 2026 | ClearCV","it"
"errori da evitare nel cv","errori-da-evitare-nel-cv","<!-- GENERATED BY CHATGPT - Prompt below -->

Scrivi un articolo SEO-optimized per blog in italiano:

**Keyword principale**: errori da evitare nel cv
**Keywords secondarie**: curriculum vitae, cv gratis, cv online, cv professionale, cv europass
**Lunghezza**: 1800-2200 parole
**Tono**: Professionale ma accessibile
**Target**: Job seeker 25-40 anni

**Struttura obbligatoria**:

# {title}

{intro}

## Cos'è {option1}?

{option1_desc}

## Cos'è {option2}?

{option2_desc}

## Confronto Diretto

| Caratteristica | {option1} | {option2} |
|---------------|-----------|-----------|
{comparison_table}

## Quando Usare {option1}

{option1_when}

## Quando Usare {option2}

{option2_when}

## Conclusione

{conclusion}


**REGOLE IMPORTANTI**:
1. Includi keyword principale in:
   - H1 (titolo)
   - Primo paragrafo (entro 100 parole)
   - Almeno 2 H2
   - URL slug suggerito
2. Densità keyword: 1-2% (naturale, non forzato)
3. Inserisci link interno a clearcvapp.com:
   - Anchor text: ""creatore cv gratis""
   - Position: Dopo sezione 2 o nella conclusione
4. Scrivi in linguaggio naturale, conversazionale
5. Aggiungi esempi pratici concreti
6. Includi 4-6 FAQ (formato Q&A)
7. CTA finale: ""Crea il tuo CV con ClearCV""
8. Meta description (155 caratteri): [genera]

**SEO Checklist**:
- [ ] Keyword in H1
- [ ] Keyword in primo paragrafo
- [ ] Keyword in 2+ H2
- [ ] Link interno a clearcvapp.com
- [ ] 4-6 FAQ
- [ ] CTA chiaro
- [ ] Lista numerata o bullet in ogni sezione
- [ ] Immagini suggerite (descrivi)

**Output Format**:
```markdown
# [H1 Titolo]

[Contenuto completo]
```

**Meta Description**: [155 caratteri]
**URL Slug**: errori-da-evitare-nel-cv
**Focus Keyphrase**: errori da evitare nel cv
","Guida completa: errori da evitare nel cv. Scopri come creare un CV perfetto con esempi, template e consigli pratici.","scheduled","2026-01-16T15:50:26.553Z","ClearCV Blog","Guide Generali","cv gratis, curriculum vitae, cv maker, cv online, errori, evitare","errori da evitare nel cv - Guida completa 2026. Template, esempi e consigli per scrivere un CV vincente.","errori da evitare nel cv","errori da evitare nel cv - Guida 2026 | ClearCV","it"
"cv creativo esempi","cv-creativo-esempi","<!-- GENERATED BY CHATGPT - Prompt below -->

Scrivi un articolo SEO-optimized per blog in italiano:

**Keyword principale**: cv creativo esempi
**Keywords secondarie**: curriculum vitae, cv gratis, cv online, cv professionale, cv europass
**Lunghezza**: 1800-2200 parole
**Tono**: Professionale ma accessibile
**Target**: Job seeker 25-40 anni

**Struttura obbligatoria**:

# {title}

{intro_problem}

## Cosa Troverai in Questa Guida

{toc}

## {section1_title}

{section1_content}

## {section2_title}

{section2_content}

## {section3_title}

{section3_content}

## FAQ: {keyword}

{faq}

## Conclusione

{conclusion}

**Pronto a creare il tuo CV perfetto?**
[Inizia Gratis con ClearCV →](https://clearcvapp.com)


**REGOLE IMPORTANTI**:
1. Includi keyword principale in:
   - H1 (titolo)
   - Primo paragrafo (entro 100 parole)
   - Almeno 2 H2
   - URL slug suggerito
2. Densità keyword: 1-2% (naturale, non forzato)
3. Inserisci link interno a clearcvapp.com:
   - Anchor text: ""creatore cv gratis""
   - Position: Dopo sezione 2 o nella conclusione
4. Scrivi in linguaggio naturale, conversazionale
5. Aggiungi esempi pratici concreti
6. Includi 4-6 FAQ (formato Q&A)
7. CTA finale: ""Crea il tuo CV con ClearCV""
8. Meta description (155 caratteri): [genera]

**SEO Checklist**:
- [ ] Keyword in H1
- [ ] Keyword in primo paragrafo
- [ ] Keyword in 2+ H2
- [ ] Link interno a clearcvapp.com
- [ ] 4-6 FAQ
- [ ] CTA chiaro
- [ ] Lista numerata o bullet in ogni sezione
- [ ] Immagini suggerite (descrivi)

**Output Format**:
```markdown
# [H1 Titolo]

[Contenuto completo]
```

**Meta Description**: [155 caratteri]
**URL Slug**: cv-creativo-esempi
**Focus Keyphrase**: cv creativo esempi
","Guida completa: cv creativo esempi. Scopri come creare un CV perfetto con esempi, template e consigli pratici.","scheduled","2026-01-17T15:50:26.553Z","ClearCV Blog","Guide Generali","cv gratis, curriculum vitae, cv maker, cv online, creativo, esempi","cv creativo esempi - Guida completa 2026. Template, esempi e consigli per scrivere un CV vincente.","cv creativo esempi","cv creativo esempi - Guida 2026 | ClearCV","it"
"cv per laureati senza esperienza","cv-per-laureati-senza-esperienza","<!-- GENERATED BY CHATGPT - Prompt below -->

Scrivi un articolo SEO-optimized per blog in italiano:

**Keyword principale**: cv per laureati senza esperienza
**Keywords secondarie**: curriculum vitae, cv gratis, cv online, cv professionale, cv europass
**Lunghezza**: 1800-2200 parole
**Tono**: Professionale ma accessibile
**Target**: Job seeker 25-40 anni

**Struttura obbligatoria**:

# {title}

{intro}

## Perché {keyword}?

{why}

## Passo 1: {step1}

{step1_content}

## Passo 2: {step2}

{step2_content}

## Passo 3: {step3}

{step3_content}

## Errori Comuni da Evitare

{mistakes}

## FAQ

{faq}

## Conclusione + Tool Consigliato

{cta}


**REGOLE IMPORTANTI**:
1. Includi keyword principale in:
   - H1 (titolo)
   - Primo paragrafo (entro 100 parole)
   - Almeno 2 H2
   - URL slug suggerito
2. Densità keyword: 1-2% (naturale, non forzato)
3. Inserisci link interno a clearcvapp.com:
   - Anchor text: ""creatore cv gratis""
   - Position: Dopo sezione 2 o nella conclusione
4. Scrivi in linguaggio naturale, conversazionale
5. Aggiungi esempi pratici concreti
6. Includi 4-6 FAQ (formato Q&A)
7. CTA finale: ""Crea il tuo CV con ClearCV""
8. Meta description (155 caratteri): [genera]

**SEO Checklist**:
- [ ] Keyword in H1
- [ ] Keyword in primo paragrafo
- [ ] Keyword in 2+ H2
- [ ] Link interno a clearcvapp.com
- [ ] 4-6 FAQ
- [ ] CTA chiaro
- [ ] Lista numerata o bullet in ogni sezione
- [ ] Immagini suggerite (descrivi)

**Output Format**:
```markdown
# [H1 Titolo]

[Contenuto completo]
```

**Meta Description**: [155 caratteri]
**URL Slug**: cv-per-laureati-senza-esperienza
**Focus Keyphrase**: cv per laureati senza esperienza
","Guida completa: cv per laureati senza esperienza. Scopri come creare un CV perfetto con esempi, template e consigli pratici.","scheduled","2026-01-18T15:50:26.553Z","ClearCV Blog","Guide Generali","cv gratis, curriculum vitae, cv maker, cv online, laureati, senza, esperienza","cv per laureati senza esperienza - Guida completa 2026. Template, esempi e consigli per scrivere un CV vincente.","cv per laureati senza esperienza","cv per laureati senza esperienza - Guida 2026 | ClearCV","it"
"cv formato europass","cv-formato-europass","<!-- GENERATED BY CHATGPT - Prompt below -->

Scrivi un articolo SEO-optimized per blog in italiano:

**Keyword principale**: cv formato europass
**Keywords secondarie**: curriculum vitae, cv gratis, cv online, cv professionale, cv europass
**Lunghezza**: 1800-2200 parole
**Tono**: Professionale ma accessibile
**Target**: Job seeker 25-40 anni

**Struttura obbligatoria**:

# {title}

{intro}

## Esempio 1: {example1_title}

{example1}

## Esempio 2: {example2_title}

{example2}

## Esempio 3: {example3_title}

{example3}

## Come Personalizzare il Template

{customization}

## Download Template Gratis

{download_cta}


**REGOLE IMPORTANTI**:
1. Includi keyword principale in:
   - H1 (titolo)
   - Primo paragrafo (entro 100 parole)
   - Almeno 2 H2
   - URL slug suggerito
2. Densità keyword: 1-2% (naturale, non forzato)
3. Inserisci link interno a clearcvapp.com:
   - Anchor text: ""creatore cv gratis""
   - Position: Dopo sezione 2 o nella conclusione
4. Scrivi in linguaggio naturale, conversazionale
5. Aggiungi esempi pratici concreti
6. Includi 4-6 FAQ (formato Q&A)
7. CTA finale: ""Crea il tuo CV con ClearCV""
8. Meta description (155 caratteri): [genera]

**SEO Checklist**:
- [ ] Keyword in H1
- [ ] Keyword in primo paragrafo
- [ ] Keyword in 2+ H2
- [ ] Link interno a clearcvapp.com
- [ ] 4-6 FAQ
- [ ] CTA chiaro
- [ ] Lista numerata o bullet in ogni sezione
- [ ] Immagini suggerite (descrivi)

**Output Format**:
```markdown
# [H1 Titolo]

[Contenuto completo]
```

**Meta Description**: [155 caratteri]
**URL Slug**: cv-formato-europass
**Focus Keyphrase**: cv formato europass
","Guida completa: cv formato europass. Scopri come creare un CV perfetto con esempi, template e consigli pratici.","scheduled","2026-01-19T15:50:26.553Z","ClearCV Blog","CV Europeo","cv gratis, curriculum vitae, cv maker, cv online, formato, europass","cv formato europass - Guida completa 2026. Template, esempi e consigli per scrivere un CV vincente.","cv formato europass","cv formato europass - Guida 2026 | ClearCV","it"
"differenza cv e curriculum","differenza-cv-e-curriculum","<!-- GENERATED BY CHATGPT - Prompt below -->

Scrivi un articolo SEO-optimized per blog in italiano:

**Keyword principale**: differenza cv e curriculum
**Keywords secondarie**: curriculum vitae, cv gratis, cv online, cv professionale, cv europass
**Lunghezza**: 1800-2200 parole
**Tono**: Professionale ma accessibile
**Target**: Job seeker 25-40 anni

**Struttura obbligatoria**:

# {title}

{intro}

## Cos'è {option1}?

{option1_desc}

## Cos'è {option2}?

{option2_desc}

## Confronto Diretto

| Caratteristica | {option1} | {option2} |
|---------------|-----------|-----------|
{comparison_table}

## Quando Usare {option1}

{option1_when}

## Quando Usare {option2}

{option2_when}

## Conclusione

{conclusion}


**REGOLE IMPORTANTI**:
1. Includi keyword principale in:
   - H1 (titolo)
   - Primo paragrafo (entro 100 parole)
   - Almeno 2 H2
   - URL slug suggerito
2. Densità keyword: 1-2% (naturale, non forzato)
3. Inserisci link interno a clearcvapp.com:
   - Anchor text: ""creatore cv gratis""
   - Position: Dopo sezione 2 o nella conclusione
4. Scrivi in linguaggio naturale, conversazionale
5. Aggiungi esempi pratici concreti
6. Includi 4-6 FAQ (formato Q&A)
7. CTA finale: ""Crea il tuo CV con ClearCV""
8. Meta description (155 caratteri): [genera]

**SEO Checklist**:
- [ ] Keyword in H1
- [ ] Keyword in primo paragrafo
- [ ] Keyword in 2+ H2
- [ ] Link interno a clearcvapp.com
- [ ] 4-6 FAQ
- [ ] CTA chiaro
- [ ] Lista numerata o bullet in ogni sezione
- [ ] Immagini suggerite (descrivi)

**Output Format**:
```markdown
# [H1 Titolo]

[Contenuto completo]
```

**Meta Description**: [155 caratteri]
**URL Slug**: differenza-cv-e-curriculum
**Focus Keyphrase**: differenza cv e curriculum
","Guida completa: differenza cv e curriculum. Scopri come creare un CV perfetto con esempi, template e consigli pratici.","scheduled","2026-01-20T15:50:26.553Z","ClearCV Blog","Confronti CV","cv gratis, curriculum vitae, cv maker, cv online, differenza, curriculum","differenza cv e curriculum - Guida completa 2026. Template, esempi e consigli per scrivere un CV vincente.","differenza cv e curriculum","differenza cv e curriculum - Guida 2026 | ClearCV","it"
"cv cronologico vs funzionale","cv-cronologico-vs-funzionale","<!-- GENERATED BY CHATGPT - Prompt below -->

Scrivi un articolo SEO-optimized per blog in italiano:

**Keyword principale**: cv cronologico vs funzionale
**Keywords secondarie**: curriculum vitae, cv gratis, cv online, cv professionale, cv europass
**Lunghezza**: 1800-2200 parole
**Tono**: Professionale ma accessibile
**Target**: Job seeker 25-40 anni

**Struttura obbligatoria**:

# {title}

{intro_problem}

## Cosa Troverai in Questa Guida

{toc}

## {section1_title}

{section1_content}

## {section2_title}

{section2_content}

## {section3_title}

{section3_content}

## FAQ: {keyword}

{faq}

## Conclusione

{conclusion}

**Pronto a creare il tuo CV perfetto?**
[Inizia Gratis con ClearCV →](https://clearcvapp.com)


**REGOLE IMPORTANTI**:
1. Includi keyword principale in:
   - H1 (titolo)
   - Primo paragrafo (entro 100 parole)
   - Almeno 2 H2
   - URL slug suggerito
2. Densità keyword: 1-2% (naturale, non forzato)
3. Inserisci link interno a clearcvapp.com:
   - Anchor text: ""creatore cv gratis""
   - Position: Dopo sezione 2 o nella conclusione
4. Scrivi in linguaggio naturale, conversazionale
5. Aggiungi esempi pratici concreti
6. Includi 4-6 FAQ (formato Q&A)
7. CTA finale: ""Crea il tuo CV con ClearCV""
8. Meta description (155 caratteri): [genera]

**SEO Checklist**:
- [ ] Keyword in H1
- [ ] Keyword in primo paragrafo
- [ ] Keyword in 2+ H2
- [ ] Link interno a clearcvapp.com
- [ ] 4-6 FAQ
- [ ] CTA chiaro
- [ ] Lista numerata o bullet in ogni sezione
- [ ] Immagini suggerite (descrivi)

**Output Format**:
```markdown
# [H1 Titolo]

[Contenuto completo]
```

**Meta Description**: [155 caratteri]
**URL Slug**: cv-cronologico-vs-funzionale
**Focus Keyphrase**: cv cronologico vs funzionale
","Guida completa: cv cronologico vs funzionale. Scopri come creare un CV perfetto con esempi, template e consigli pratici.","scheduled","2026-01-21T15:50:26.553Z","ClearCV Blog","Confronti CV","cv gratis, curriculum vitae, cv maker, cv online, cronologico, funzionale","cv cronologico vs funzionale - Guida completa 2026. Template, esempi e consigli per scrivere un CV vincente.","cv cronologico vs funzionale","cv cronologico vs funzionale - Guida 2026 | ClearCV","it"
"lunghezza ideale cv","lunghezza-ideale-cv","<!-- GENERATED BY CHATGPT - Prompt below -->

Scrivi un articolo SEO-optimized per blog in italiano:

**Keyword principale**: lunghezza ideale cv
**Keywords secondarie**: curriculum vitae, cv gratis, cv online, cv professionale, cv europass
**Lunghezza**: 1800-2200 parole
**Tono**: Professionale ma accessibile
**Target**: Job seeker 25-40 anni

**Struttura obbligatoria**:

# {title}

{intro}

## Esempio 1: {example1_title}

{example1}

## Esempio 2: {example2_title}

{example2}

## Esempio 3: {example3_title}

{example3}

## Come Personalizzare il Template

{customization}

## Download Template Gratis

{download_cta}


**REGOLE IMPORTANTI**:
1. Includi keyword principale in:
   - H1 (titolo)
   - Primo paragrafo (entro 100 parole)
   - Almeno 2 H2
   - URL slug suggerito
2. Densità keyword: 1-2% (naturale, non forzato)
3. Inserisci link interno a clearcvapp.com:
   - Anchor text: ""creatore cv gratis""
   - Position: Dopo sezione 2 o nella conclusione
4. Scrivi in linguaggio naturale, conversazionale
5. Aggiungi esempi pratici concreti
6. Includi 4-6 FAQ (formato Q&A)
7. CTA finale: ""Crea il tuo CV con ClearCV""
8. Meta description (155 caratteri): [genera]

**SEO Checklist**:
- [ ] Keyword in H1
- [ ] Keyword in primo paragrafo
- [ ] Keyword in 2+ H2
- [ ] Link interno a clearcvapp.com
- [ ] 4-6 FAQ
- [ ] CTA chiaro
- [ ] Lista numerata o bullet in ogni sezione
- [ ] Immagini suggerite (descrivi)

**Output Format**:
```markdown
# [H1 Titolo]

[Contenuto completo]
```

**Meta Description**: [155 caratteri]
**URL Slug**: lunghezza-ideale-cv
**Focus Keyphrase**: lunghezza ideale cv
","Guida completa: lunghezza ideale cv. Scopri come creare un CV perfetto con esempi, template e consigli pratici.","scheduled","2026-01-22T15:50:26.553Z","ClearCV Blog","Guide Generali","cv gratis, curriculum vitae, cv maker, cv online, lunghezza, ideale","lunghezza ideale cv - Guida completa 2026. Template, esempi e consigli per scrivere un CV vincente.","lunghezza ideale cv","lunghezza ideale cv - Guida 2026 | ClearCV","it"
"cv europass vantaggi svantaggi","cv-europass-vantaggi-svantaggi","<!-- GENERATED BY CHATGPT - Prompt below -->

Scrivi un articolo SEO-optimized per blog in italiano:

**Keyword principale**: cv europass vantaggi svantaggi
**Keywords secondarie**: curriculum vitae, cv gratis, cv online, cv professionale, cv europass
**Lunghezza**: 1800-2200 parole
**Tono**: Professionale ma accessibile
**Target**: Job seeker 25-40 anni

**Struttura obbligatoria**:

# {title}

{intro_problem}

## Cosa Troverai in Questa Guida

{toc}

## {section1_title}

{section1_content}

## {section2_title}

{section2_content}

## {section3_title}

{section3_content}

## FAQ: {keyword}

{faq}

## Conclusione

{conclusion}

**Pronto a creare il tuo CV perfetto?**
[Inizia Gratis con ClearCV →](https://clearcvapp.com)


**REGOLE IMPORTANTI**:
1. Includi keyword principale in:
   - H1 (titolo)
   - Primo paragrafo (entro 100 parole)
   - Almeno 2 H2
   - URL slug suggerito
2. Densità keyword: 1-2% (naturale, non forzato)
3. Inserisci link interno a clearcvapp.com:
   - Anchor text: ""creatore cv gratis""
   - Position: Dopo sezione 2 o nella conclusione
4. Scrivi in linguaggio naturale, conversazionale
5. Aggiungi esempi pratici concreti
6. Includi 4-6 FAQ (formato Q&A)
7. CTA finale: ""Crea il tuo CV con ClearCV""
8. Meta description (155 caratteri): [genera]

**SEO Checklist**:
- [ ] Keyword in H1
- [ ] Keyword in primo paragrafo
- [ ] Keyword in 2+ H2
- [ ] Link interno a clearcvapp.com
- [ ] 4-6 FAQ
- [ ] CTA chiaro
- [ ] Lista numerata o bullet in ogni sezione
- [ ] Immagini suggerite (descrivi)

**Output Format**:
```markdown
# [H1 Titolo]

[Contenuto completo]
```

**Meta Description**: [155 caratteri]
**URL Slug**: cv-europass-vantaggi-svantaggi
**Focus Keyphrase**: cv europass vantaggi svantaggi
","Guida completa: cv europass vantaggi svantaggi. Scopri come creare un CV perfetto con esempi, template e consigli pratici.","scheduled","2026-01-23T15:50:26.553Z","ClearCV Blog","CV Europeo","cv gratis, curriculum vitae, cv maker, cv online, europass, vantaggi, svantaggi","cv europass vantaggi svantaggi - Guida completa 2026. Template, esempi e consigli per scrivere un CV vincente.","cv europass vantaggi svantaggi","cv europass vantaggi svantaggi - Guida 2026 | ClearCV","it"
"cv sviluppatore software junior","cv-sviluppatore-software-junior","<!-- GENERATED BY CHATGPT - Prompt below -->

Scrivi un articolo SEO-optimized per blog in italiano:

**Keyword principale**: cv sviluppatore software junior
**Keywords secondarie**: curriculum vitae, cv gratis, cv online, cv professionale, cv europass
**Lunghezza**: 1800-2200 parole
**Tono**: Professionale ma accessibile
**Target**: Job seeker 25-40 anni

**Struttura obbligatoria**:

# {title}

{intro}

## Cos'è {option1}?

{option1_desc}

## Cos'è {option2}?

{option2_desc}

## Confronto Diretto

| Caratteristica | {option1} | {option2} |
|---------------|-----------|-----------|
{comparison_table}

## Quando Usare {option1}

{option1_when}

## Quando Usare {option2}

{option2_when}

## Conclusione

{conclusion}


**REGOLE IMPORTANTI**:
1. Includi keyword principale in:
   - H1 (titolo)
   - Primo paragrafo (entro 100 parole)
   - Almeno 2 H2
   - URL slug suggerito
2. Densità keyword: 1-2% (naturale, non forzato)
3. Inserisci link interno a clearcvapp.com:
   - Anchor text: ""creatore cv gratis""
   - Position: Dopo sezione 2 o nella conclusione
4. Scrivi in linguaggio naturale, conversazionale
5. Aggiungi esempi pratici concreti
6. Includi 4-6 FAQ (formato Q&A)
7. CTA finale: ""Crea il tuo CV con ClearCV""
8. Meta description (155 caratteri): [genera]

**SEO Checklist**:
- [ ] Keyword in H1
- [ ] Keyword in primo paragrafo
- [ ] Keyword in 2+ H2
- [ ] Link interno a clearcvapp.com
- [ ] 4-6 FAQ
- [ ] CTA chiaro
- [ ] Lista numerata o bullet in ogni sezione
- [ ] Immagini suggerite (descrivi)

**Output Format**:
```markdown
# [H1 Titolo]

[Contenuto completo]
```

**Meta Description**: [155 caratteri]
**URL Slug**: cv-sviluppatore-software-junior
**Focus Keyphrase**: cv sviluppatore software junior
","Guida completa: cv sviluppatore software junior. Scopri come creare un CV perfetto con esempi, template e consigli pratici.","scheduled","2026-01-24T15:50:26.553Z","ClearCV Blog","Guide Generali","cv gratis, curriculum vitae, cv maker, cv online, sviluppatore, software, junior","cv sviluppatore software junior - Guida completa 2026. Template, esempi e consigli per scrivere un CV vincente.","cv sviluppatore software junior","cv sviluppatore software junior - Guida 2026 | ClearCV","it"
"cv marketing digitale esempio","cv-marketing-digitale-esempio","<!-- GENERATED BY CHATGPT - Prompt below -->

Scrivi un articolo SEO-optimized per blog in italiano:

**Keyword principale**: cv marketing digitale esempio
**Keywords secondarie**: curriculum vitae, cv gratis, cv online, cv professionale, cv europass
**Lunghezza**: 1800-2200 parole
**Tono**: Professionale ma accessibile
**Target**: Job seeker 25-40 anni

**Struttura obbligatoria**:

# {title}

{intro}

## Esempio 1: {example1_title}

{example1}

## Esempio 2: {example2_title}

{example2}

## Esempio 3: {example3_title}

{example3}

## Come Personalizzare il Template

{customization}

## Download Template Gratis

{download_cta}


**REGOLE IMPORTANTI**:
1. Includi keyword principale in:
   - H1 (titolo)
   - Primo paragrafo (entro 100 parole)
   - Almeno 2 H2
   - URL slug suggerito
2. Densità keyword: 1-2% (naturale, non forzato)
3. Inserisci link interno a clearcvapp.com:
   - Anchor text: ""creatore cv gratis""
   - Position: Dopo sezione 2 o nella conclusione
4. Scrivi in linguaggio naturale, conversazionale
5. Aggiungi esempi pratici concreti
6. Includi 4-6 FAQ (formato Q&A)
7. CTA finale: ""Crea il tuo CV con ClearCV""
8. Meta description (155 caratteri): [genera]

**SEO Checklist**:
- [ ] Keyword in H1
- [ ] Keyword in primo paragrafo
- [ ] Keyword in 2+ H2
- [ ] Link interno a clearcvapp.com
- [ ] 4-6 FAQ
- [ ] CTA chiaro
- [ ] Lista numerata o bullet in ogni sezione
- [ ] Immagini suggerite (descrivi)

**Output Format**:
```markdown
# [H1 Titolo]

[Contenuto completo]
```

**Meta Description**: [155 caratteri]
**URL Slug**: cv-marketing-digitale-esempio
**Focus Keyphrase**: cv marketing digitale esempio
","Guida completa: cv marketing digitale esempio. Scopri come creare un CV perfetto con esempi, template e consigli pratici.","scheduled","2026-01-25T15:50:26.553Z","ClearCV Blog","Template CV","cv gratis, curriculum vitae, cv maker, cv online, marketing, digitale, esempio","cv marketing digitale esempio - Guida completa 2026. Template, esempi e consigli per scrivere un CV vincente.","cv marketing digitale esempio","cv marketing digitale esempio - Guida 2026 | ClearCV","it"
"cv cambio carriera","cv-cambio-carriera","<!-- GENERATED BY CHATGPT - Prompt below -->

Scrivi un articolo SEO-optimized per blog in italiano:

**Keyword principale**: cv cambio carriera
**Keywords secondarie**: curriculum vitae, cv gratis, cv online, cv professionale, cv europass
**Lunghezza**: 1800-2200 parole
**Tono**: Professionale ma accessibile
**Target**: Job seeker 25-40 anni

**Struttura obbligatoria**:

# {title}

{intro}

## Perché {keyword}?

{why}

## Passo 1: {step1}

{step1_content}

## Passo 2: {step2}

{step2_content}

## Passo 3: {step3}

{step3_content}

## Errori Comuni da Evitare

{mistakes}

## FAQ

{faq}

## Conclusione + Tool Consigliato

{cta}


**REGOLE IMPORTANTI**:
1. Includi keyword principale in:
   - H1 (titolo)
   - Primo paragrafo (entro 100 parole)
   - Almeno 2 H2
   - URL slug suggerito
2. Densità keyword: 1-2% (naturale, non forzato)
3. Inserisci link interno a clearcvapp.com:
   - Anchor text: ""creatore cv gratis""
   - Position: Dopo sezione 2 o nella conclusione
4. Scrivi in linguaggio naturale, conversazionale
5. Aggiungi esempi pratici concreti
6. Includi 4-6 FAQ (formato Q&A)
7. CTA finale: ""Crea il tuo CV con ClearCV""
8. Meta description (155 caratteri): [genera]

**SEO Checklist**:
- [ ] Keyword in H1
- [ ] Keyword in primo paragrafo
- [ ] Keyword in 2+ H2
- [ ] Link interno a clearcvapp.com
- [ ] 4-6 FAQ
- [ ] CTA chiaro
- [ ] Lista numerata o bullet in ogni sezione
- [ ] Immagini suggerite (descrivi)

**Output Format**:
```markdown
# [H1 Titolo]

[Contenuto completo]
```

**Meta Description**: [155 caratteri]
**URL Slug**: cv-cambio-carriera
**Focus Keyphrase**: cv cambio carriera
","Guida completa: cv cambio carriera. Scopri come creare un CV perfetto con esempi, template e consigli pratici.","scheduled","2026-01-26T15:50:26.553Z","ClearCV Blog","Guide Generali","cv gratis, curriculum vitae, cv maker, cv online, cambio, carriera","cv cambio carriera - Guida completa 2026. Template, esempi e consigli per scrivere un CV vincente.","cv cambio carriera","cv cambio carriera - Guida 2026 | ClearCV","it"
"cv europass vs curriculum normale","cv-europass-vs-curriculum-normale","<!-- GENERATED BY CHATGPT - Prompt below -->

Scrivi un articolo SEO-optimized per blog in italiano:

**Keyword principale**: cv europass vs curriculum normale
**Keywords secondarie**: curriculum vitae, cv gratis, cv online, cv professionale, cv europass
**Lunghezza**: 1800-2200 parole
**Tono**: Professionale ma accessibile
**Target**: Job seeker 25-40 anni

**Struttura obbligatoria**:

# {title}

{intro_problem}

## Cosa Troverai in Questa Guida

{toc}

## {section1_title}

{section1_content}

## {section2_title}

{section2_content}

## {section3_title}

{section3_content}

## FAQ: {keyword}

{faq}

## Conclusione

{conclusion}

**Pronto a creare il tuo CV perfetto?**
[Inizia Gratis con ClearCV →](https://clearcvapp.com)


**REGOLE IMPORTANTI**:
1. Includi keyword principale in:
   - H1 (titolo)
   - Primo paragrafo (entro 100 parole)
   - Almeno 2 H2
   - URL slug suggerito
2. Densità keyword: 1-2% (naturale, non forzato)
3. Inserisci link interno a clearcvapp.com:
   - Anchor text: ""creatore cv gratis""
   - Position: Dopo sezione 2 o nella conclusione
4. Scrivi in linguaggio naturale, conversazionale
5. Aggiungi esempi pratici concreti
6. Includi 4-6 FAQ (formato Q&A)
7. CTA finale: ""Crea il tuo CV con ClearCV""
8. Meta description (155 caratteri): [genera]

**SEO Checklist**:
- [ ] Keyword in H1
- [ ] Keyword in primo paragrafo
- [ ] Keyword in 2+ H2
- [ ] Link interno a clearcvapp.com
- [ ] 4-6 FAQ
- [ ] CTA chiaro
- [ ] Lista numerata o bullet in ogni sezione
- [ ] Immagini suggerite (descrivi)

**Output Format**:
```markdown
# [H1 Titolo]

[Contenuto completo]
```

**Meta Description**: [155 caratteri]
**URL Slug**: cv-europass-vs-curriculum-normale
**Focus Keyphrase**: cv europass vs curriculum normale
","Guida completa: cv europass vs curriculum normale. Scopri come creare un CV perfetto con esempi, template e consigli pratici.","scheduled","2026-01-27T15:50:26.553Z","ClearCV Blog","Confronti CV","cv gratis, curriculum vitae, cv maker, cv online, europass, curriculum, normale","cv europass vs curriculum normale - Guida completa 2026. Template, esempi e consigli per scrivere un CV vincente.","cv europass vs curriculum normale","cv europass vs curriculum normale - Guida 2026 | ClearCV","it"
"cv designer grafico portfolio","cv-designer-grafico-portfolio","<!-- GENERATED BY CHATGPT - Prompt below -->

Scrivi un articolo SEO-optimized per blog in italiano:

**Keyword principale**: cv designer grafico portfolio
**Keywords secondarie**: curriculum vitae, cv gratis, cv online, cv professionale, cv europass
**Lunghezza**: 1800-2200 parole
**Tono**: Professionale ma accessibile
**Target**: Job seeker 25-40 anni

**Struttura obbligatoria**:

# {title}

{intro}

## Cos'è {option1}?

{option1_desc}

## Cos'è {option2}?

{option2_desc}

## Confronto Diretto

| Caratteristica | {option1} | {option2} |
|---------------|-----------|-----------|
{comparison_table}

## Quando Usare {option1}

{option1_when}

## Quando Usare {option2}

{option2_when}

## Conclusione

{conclusion}


**REGOLE IMPORTANTI**:
1. Includi keyword principale in:
   - H1 (titolo)
   - Primo paragrafo (entro 100 parole)
   - Almeno 2 H2
   - URL slug suggerito
2. Densità keyword: 1-2% (naturale, non forzato)
3. Inserisci link interno a clearcvapp.com:
   - Anchor text: ""creatore cv gratis""
   - Position: Dopo sezione 2 o nella conclusione
4. Scrivi in linguaggio naturale, conversazionale
5. Aggiungi esempi pratici concreti
6. Includi 4-6 FAQ (formato Q&A)
7. CTA finale: ""Crea il tuo CV con ClearCV""
8. Meta description (155 caratteri): [genera]

**SEO Checklist**:
- [ ] Keyword in H1
- [ ] Keyword in primo paragrafo
- [ ] Keyword in 2+ H2
- [ ] Link interno a clearcvapp.com
- [ ] 4-6 FAQ
- [ ] CTA chiaro
- [ ] Lista numerata o bullet in ogni sezione
- [ ] Immagini suggerite (descrivi)

**Output Format**:
```markdown
# [H1 Titolo]

[Contenuto completo]
```

**Meta Description**: [155 caratteri]
**URL Slug**: cv-designer-grafico-portfolio
**Focus Keyphrase**: cv designer grafico portfolio
","Guida completa: cv designer grafico portfolio. Scopri come creare un CV perfetto con esempi, template e consigli pratici.","scheduled","2026-01-28T15:50:26.553Z","ClearCV Blog","Guide Generali","cv gratis, curriculum vitae, cv maker, cv online, designer, grafico, portfolio","cv designer grafico portfolio - Guida completa 2026. Template, esempi e consigli per scrivere un CV vincente.","cv designer grafico portfolio","cv designer grafico portfolio - Guida 2026 | ClearCV","it"
"cv project manager esempio","cv-project-manager-esempio","<!-- GENERATED BY CHATGPT - Prompt below -->

Scrivi un articolo SEO-optimized per blog in italiano:

**Keyword principale**: cv project manager esempio
**Keywords secondarie**: curriculum vitae, cv gratis, cv online, cv professionale, cv europass
**Lunghezza**: 1800-2200 parole
**Tono**: Professionale ma accessibile
**Target**: Job seeker 25-40 anni

**Struttura obbligatoria**:

# {title}

{intro_problem}

## Cosa Troverai in Questa Guida

{toc}

## {section1_title}

{section1_content}

## {section2_title}

{section2_content}

## {section3_title}

{section3_content}

## FAQ: {keyword}

{faq}

## Conclusione

{conclusion}

**Pronto a creare il tuo CV perfetto?**
[Inizia Gratis con ClearCV →](https://clearcvapp.com)


**REGOLE IMPORTANTI**:
1. Includi keyword principale in:
   - H1 (titolo)
   - Primo paragrafo (entro 100 parole)
   - Almeno 2 H2
   - URL slug suggerito
2. Densità keyword: 1-2% (naturale, non forzato)
3. Inserisci link interno a clearcvapp.com:
   - Anchor text: ""creatore cv gratis""
   - Position: Dopo sezione 2 o nella conclusione
4. Scrivi in linguaggio naturale, conversazionale
5. Aggiungi esempi pratici concreti
6. Includi 4-6 FAQ (formato Q&A)
7. CTA finale: ""Crea il tuo CV con ClearCV""
8. Meta description (155 caratteri): [genera]

**SEO Checklist**:
- [ ] Keyword in H1
- [ ] Keyword in primo paragrafo
- [ ] Keyword in 2+ H2
- [ ] Link interno a clearcvapp.com
- [ ] 4-6 FAQ
- [ ] CTA chiaro
- [ ] Lista numerata o bullet in ogni sezione
- [ ] Immagini suggerite (descrivi)

**Output Format**:
```markdown
# [H1 Titolo]

[Contenuto completo]
```

**Meta Description**: [155 caratteri]
**URL Slug**: cv-project-manager-esempio
**Focus Keyphrase**: cv project manager esempio
","Guida completa: cv project manager esempio. Scopri come creare un CV perfetto con esempi, template e consigli pratici.","scheduled","2026-01-29T15:50:26.553Z","ClearCV Blog","Template CV","cv gratis, curriculum vitae, cv maker, cv online, project, manager, esempio","cv project manager esempio - Guida completa 2026. Template, esempi e consigli per scrivere un CV vincente.","cv project manager esempio","cv project manager esempio - Guida 2026 | ClearCV","it"
"cv data scientist template","cv-data-scientist-template","<!-- GENERATED BY CHATGPT - Prompt below -->

Scrivi un articolo SEO-optimized per blog in italiano:

**Keyword principale**: cv data scientist template
**Keywords secondarie**: curriculum vitae, cv gratis, cv online, cv professionale, cv europass
**Lunghezza**: 1800-2200 parole
**Tono**: Professionale ma accessibile
**Target**: Job seeker 25-40 anni

**Struttura obbligatoria**:

# {title}

{intro}

## Perché {keyword}?

{why}

## Passo 1: {step1}

{step1_content}

## Passo 2: {step2}

{step2_content}

## Passo 3: {step3}

{step3_content}

## Errori Comuni da Evitare

{mistakes}

## FAQ

{faq}

## Conclusione + Tool Consigliato

{cta}


**REGOLE IMPORTANTI**:
1. Includi keyword principale in:
   - H1 (titolo)
   - Primo paragrafo (entro 100 parole)
   - Almeno 2 H2
   - URL slug suggerito
2. Densità keyword: 1-2% (naturale, non forzato)
3. Inserisci link interno a clearcvapp.com:
   - Anchor text: ""creatore cv gratis""
   - Position: Dopo sezione 2 o nella conclusione
4. Scrivi in linguaggio naturale, conversazionale
5. Aggiungi esempi pratici concreti
6. Includi 4-6 FAQ (formato Q&A)
7. CTA finale: ""Crea il tuo CV con ClearCV""
8. Meta description (155 caratteri): [genera]

**SEO Checklist**:
- [ ] Keyword in H1
- [ ] Keyword in primo paragrafo
- [ ] Keyword in 2+ H2
- [ ] Link interno a clearcvapp.com
- [ ] 4-6 FAQ
- [ ] CTA chiaro
- [ ] Lista numerata o bullet in ogni sezione
- [ ] Immagini suggerite (descrivi)

**Output Format**:
```markdown
# [H1 Titolo]

[Contenuto completo]
```

**Meta Description**: [155 caratteri]
**URL Slug**: cv-data-scientist-template
**Focus Keyphrase**: cv data scientist template
","Guida completa: cv data scientist template. Scopri come creare un CV perfetto con esempi, template e consigli pratici.","scheduled","2026-01-30T15:50:26.553Z","ClearCV Blog","Template CV","cv gratis, curriculum vitae, cv maker, cv online, data, scientist, template","cv data scientist template - Guida completa 2026. Template, esempi e consigli per scrivere un CV vincente.","cv data scientist template","cv data scientist template - Guida 2026 | ClearCV","it"
"cv receptionist hotel","cv-receptionist-hotel","<!-- GENERATED BY CHATGPT - Prompt below -->

Scrivi un articolo SEO-optimized per blog in italiano:

**Keyword principale**: cv receptionist hotel
**Keywords secondarie**: curriculum vitae, cv gratis, cv online, cv professionale, cv europass
**Lunghezza**: 1800-2200 parole
**Tono**: Professionale ma accessibile
**Target**: Job seeker 25-40 anni

**Struttura obbligatoria**:

# {title}

{intro}

## Esempio 1: {example1_title}

{example1}

## Esempio 2: {example2_title}

{example2}

## Esempio 3: {example3_title}

{example3}

## Come Personalizzare il Template

{customization}

## Download Template Gratis

{download_cta}


**REGOLE IMPORTANTI**:
1. Includi keyword principale in:
   - H1 (titolo)
   - Primo paragrafo (entro 100 parole)
   - Almeno 2 H2
   - URL slug suggerito
2. Densità keyword: 1-2% (naturale, non forzato)
3. Inserisci link interno a clearcvapp.com:
   - Anchor text: ""creatore cv gratis""
   - Position: Dopo sezione 2 o nella conclusione
4. Scrivi in linguaggio naturale, conversazionale
5. Aggiungi esempi pratici concreti
6. Includi 4-6 FAQ (formato Q&A)
7. CTA finale: ""Crea il tuo CV con ClearCV""
8. Meta description (155 caratteri): [genera]

**SEO Checklist**:
- [ ] Keyword in H1
- [ ] Keyword in primo paragrafo
- [ ] Keyword in 2+ H2
- [ ] Link interno a clearcvapp.com
- [ ] 4-6 FAQ
- [ ] CTA chiaro
- [ ] Lista numerata o bullet in ogni sezione
- [ ] Immagini suggerite (descrivi)

**Output Format**:
```markdown
# [H1 Titolo]

[Contenuto completo]
```

**Meta Description**: [155 caratteri]
**URL Slug**: cv-receptionist-hotel
**Focus Keyphrase**: cv receptionist hotel
","Guida completa: cv receptionist hotel. Scopri come creare un CV perfetto con esempi, template e consigli pratici.","scheduled","2026-01-31T15:50:26.553Z","ClearCV Blog","Guide Generali","cv gratis, curriculum vitae, cv maker, cv online, receptionist, hotel","cv receptionist hotel - Guida completa 2026. Template, esempi e consigli per scrivere un CV vincente.","cv receptionist hotel","cv receptionist hotel - Guida 2026 | ClearCV","it"
"cv infermiere esempio","cv-infermiere-esempio","<!-- GENERATED BY CHATGPT - Prompt below -->

Scrivi un articolo SEO-optimized per blog in italiano:

**Keyword principale**: cv infermiere esempio
**Keywords secondarie**: curriculum vitae, cv gratis, cv online, cv professionale, cv europass
**Lunghezza**: 1800-2200 parole
**Tono**: Professionale ma accessibile
**Target**: Job seeker 25-40 anni

**Struttura obbligatoria**:

# {title}

{intro}

## Cos'è {option1}?

{option1_desc}

## Cos'è {option2}?

{option2_desc}

## Confronto Diretto

| Caratteristica | {option1} | {option2} |
|---------------|-----------|-----------|
{comparison_table}

## Quando Usare {option1}

{option1_when}

## Quando Usare {option2}

{option2_when}

## Conclusione

{conclusion}


**REGOLE IMPORTANTI**:
1. Includi keyword principale in:
   - H1 (titolo)
   - Primo paragrafo (entro 100 parole)
   - Almeno 2 H2
   - URL slug suggerito
2. Densità keyword: 1-2% (naturale, non forzato)
3. Inserisci link interno a clearcvapp.com:
   - Anchor text: ""creatore cv gratis""
   - Position: Dopo sezione 2 o nella conclusione
4. Scrivi in linguaggio naturale, conversazionale
5. Aggiungi esempi pratici concreti
6. Includi 4-6 FAQ (formato Q&A)
7. CTA finale: ""Crea il tuo CV con ClearCV""
8. Meta description (155 caratteri): [genera]

**SEO Checklist**:
- [ ] Keyword in H1
- [ ] Keyword in primo paragrafo
- [ ] Keyword in 2+ H2
- [ ] Link interno a clearcvapp.com
- [ ] 4-6 FAQ
- [ ] CTA chiaro
- [ ] Lista numerata o bullet in ogni sezione
- [ ] Immagini suggerite (descrivi)

**Output Format**:
```markdown
# [H1 Titolo]

[Contenuto completo]
```

**Meta Description**: [155 caratteri]
**URL Slug**: cv-infermiere-esempio
**Focus Keyphrase**: cv infermiere esempio
","Guida completa: cv infermiere esempio. Scopri come creare un CV perfetto con esempi, template e consigli pratici.","scheduled","2026-02-01T15:50:26.553Z","ClearCV Blog","Template CV","cv gratis, curriculum vitae, cv maker, cv online, infermiere, esempio","cv infermiere esempio - Guida completa 2026. Template, esempi e consigli per scrivere un CV vincente.","cv infermiere esempio","cv infermiere esempio - Guida 2026 | ClearCV","it"
"cv commesso senza esperienza","cv-commesso-senza-esperienza","<!-- GENERATED BY CHATGPT - Prompt below -->

Scrivi un articolo SEO-optimized per blog in italiano:

**Keyword principale**: cv commesso senza esperienza
**Keywords secondarie**: curriculum vitae, cv gratis, cv online, cv professionale, cv europass
**Lunghezza**: 1800-2200 parole
**Tono**: Professionale ma accessibile
**Target**: Job seeker 25-40 anni

**Struttura obbligatoria**:

# {title}

{intro_problem}

## Cosa Troverai in Questa Guida

{toc}

## {section1_title}

{section1_content}

## {section2_title}

{section2_content}

## {section3_title}

{section3_content}

## FAQ: {keyword}

{faq}

## Conclusione

{conclusion}

**Pronto a creare il tuo CV perfetto?**
[Inizia Gratis con ClearCV →](https://clearcvapp.com)


**REGOLE IMPORTANTI**:
1. Includi keyword principale in:
   - H1 (titolo)
   - Primo paragrafo (entro 100 parole)
   - Almeno 2 H2
   - URL slug suggerito
2. Densità keyword: 1-2% (naturale, non forzato)
3. Inserisci link interno a clearcvapp.com:
   - Anchor text: ""creatore cv gratis""
   - Position: Dopo sezione 2 o nella conclusione
4. Scrivi in linguaggio naturale, conversazionale
5. Aggiungi esempi pratici concreti
6. Includi 4-6 FAQ (formato Q&A)
7. CTA finale: ""Crea il tuo CV con ClearCV""
8. Meta description (155 caratteri): [genera]

**SEO Checklist**:
- [ ] Keyword in H1
- [ ] Keyword in primo paragrafo
- [ ] Keyword in 2+ H2
- [ ] Link interno a clearcvapp.com
- [ ] 4-6 FAQ
- [ ] CTA chiaro
- [ ] Lista numerata o bullet in ogni sezione
- [ ] Immagini suggerite (descrivi)

**Output Format**:
```markdown
# [H1 Titolo]

[Contenuto completo]
```

**Meta Description**: [155 caratteri]
**URL Slug**: cv-commesso-senza-esperienza
**Focus Keyphrase**: cv commesso senza esperienza
","Guida completa: cv commesso senza esperienza. Scopri come creare un CV perfetto con esempi, template e consigli pratici.","scheduled","2026-02-02T15:50:26.553Z","ClearCV Blog","Guide Generali","cv gratis, curriculum vitae, cv maker, cv online, commesso, senza, esperienza","cv commesso senza esperienza - Guida completa 2026. Template, esempi e consigli per scrivere un CV vincente.","cv commesso senza esperienza","cv commesso senza esperienza - Guida 2026 | ClearCV","it"
